region,model_a,model_b,contrast,mean_a,mean_b,mean_diff,ci95_low,ci95_high,permutation_p
early,Llama 3 8B Inst.,Mistral 7B Inst.,Llama 3 8B Inst._minus_Mistral 7B Inst.,0.4348440858669244,0.4116935792950638,0.02315050657186063,-0.03262493354865013,0.07241877922654945,0.41485851414858516
early,Llama 3 8B Inst.,Gemma 7B IT,Llama 3 8B Inst._minus_Gemma 7B IT,0.4348440858669244,0.4180914967178916,0.016752589149032826,-0.026654359116420754,0.05665920784885576,0.49565043495650435
early,Mistral 7B Inst.,Gemma 7B IT,Mistral 7B Inst._minus_Gemma 7B IT,0.4116935792950638,0.4180914967178916,-0.0063979174228278035,-0.04104433497688138,0.033036336452878824,0.7632236776322368
middle,Llama 3 8B Inst.,Mistral 7B Inst.,Llama 3 8B Inst._minus_Mistral 7B Inst.,0.33626038909670924,0.3279305828975223,0.00832980619918694,-0.030848845764124486,0.047628629286525524,0.6993300669933007
middle,Llama 3 8B Inst.,Gemma 7B IT,Llama 3 8B Inst._minus_Gemma 7B IT,0.33626038909670924,0.37877649939387026,-0.042516110297161014,-0.08018790292591273,-0.005621659424976609,0.07129287071292871
middle,Mistral 7B Inst.,Gemma 7B IT,Mistral 7B Inst._minus_Gemma 7B IT,0.3279305828975223,0.37877649939387026,-0.050845916496347954,-0.07083110470345756,-0.03209553721414381,0.0005999400059994001
late,Llama 3 8B Inst.,Mistral 7B Inst.,Llama 3 8B Inst._minus_Mistral 7B Inst.,0.4717834322612985,0.37518889811594125,0.09659453414535724,0.07460969684019625,0.11667285614519969,9.999000099990002e-05
late,Llama 3 8B Inst.,Gemma 7B IT,Llama 3 8B Inst._minus_Gemma 7B IT,0.4717834322612985,0.4182105191323255,0.053572913128973,0.028210927031834438,0.0813914736943097,0.0013998600139986002
late,Mistral 7B Inst.,Gemma 7B IT,Mistral 7B Inst._minus_Gemma 7B IT,0.37518889811594125,0.4182105191323255,-0.04302162101638424,-0.0697998577292663,-0.013582570416082771,0.009799020097990201
