model_short,region,n_layers,mean_delta,sem_delta,ci95_low,ci95_high,min_delta,max_delta
Gemma 7B IT,early,10,0.4180914967178916,0.007945759192058062,0.4035078505029946,0.4331951775080349,0.3809278962499284,0.4592858021423465
Gemma 7B IT,middle,9,0.37877649939387026,0.006258671904742881,0.36751453751502416,0.39071588916522554,0.3530275328613506,0.4087859244665675
Gemma 7B IT,late,10,0.4182105191323255,0.012360602508681297,0.3933716365988702,0.4399747259595198,0.3360471429825617,0.4812307629237994
Llama 3 8B Inst.,early,11,0.4348440858669244,0.021429983666130636,0.3931885419966351,0.47214092296083043,0.2952436208810651,0.5107655315211369
Llama 3 8B Inst.,middle,11,0.33626038909670924,0.019332123095710422,0.3007595693713246,0.37183840254042,0.2495341402633932,0.4458847617933076
Llama 3 8B Inst.,late,11,0.4717834322612985,0.007307228174349501,0.4570155794777576,0.4840507354795116,0.4118731458425391,0.4960891419653085
Mistral 7B Inst.,early,11,0.4116935792950638,0.018567874219408927,0.3794573153800305,0.4489169946392055,0.3431185593776593,0.5259305350663528
Mistral 7B Inst.,middle,11,0.3279305828975223,0.008378224475666636,0.3114046213736783,0.34328410176247376,0.2802599453674853,0.367058332987472
Mistral 7B Inst.,late,11,0.37518889811594125,0.00845951985168185,0.36057375488476867,0.3917099309975289,0.3442575761309984,0.4303713655592454
