model_short,contrast,region_a,region_b,mean_a,mean_b,mean_diff,ci95_low,ci95_high,permutation_p
Llama 3 8B Inst.,early_minus_middle,early,middle,0.4348440858669244,0.33626038909670924,0.09858369677021517,0.0415444801757151,0.15221525294518728,0.0037996200379962005
Llama 3 8B Inst.,early_minus_late,early,late,0.4348440858669244,0.4717834322612985,-0.03693934639437407,-0.08149302215476202,0.0025241771100579583,0.12968703129687031
Llama 3 8B Inst.,middle_minus_late,middle,late,0.33626038909670924,0.4717834322612985,-0.13552304316458924,-0.17446961566608368,-0.09607380878744144,9.999000099990002e-05
Mistral 7B Inst.,early_minus_middle,early,middle,0.4116935792950638,0.3279305828975223,0.08376299639754148,0.04781671285832627,0.12357619292942208,9.999000099990002e-05
Mistral 7B Inst.,early_minus_late,early,late,0.4116935792950638,0.37518889811594125,0.03650468117912253,9.677000856240554e-05,0.07742086696853501,0.08839116088391161
Mistral 7B Inst.,middle_minus_late,middle,late,0.3279305828975223,0.37518889811594125,-0.047258315218418945,-0.07005645652497251,-0.02573946982131881,0.0004999500049995
Gemma 7B IT,early_minus_middle,early,middle,0.4180914967178916,0.37877649939387026,0.03931499732402133,0.020434326234924804,0.05781116743279977,0.0016998300169983002
Gemma 7B IT,early_minus_late,early,late,0.4180914967178916,0.4182105191323255,-0.00011902241443390027,-0.025740112336724363,0.0283720692723552,0.9952004799520048
Gemma 7B IT,middle_minus_late,middle,late,0.37877649939387026,0.4182105191323255,-0.03943401973845523,-0.06462159305892017,-0.012698146440915868,0.015198480151984802
